<?xml version="1.0" encoding="UTF-8"?> 
<doc lang="ru" 
     func="revisium_antivirus_details_func" 
     binary="/ispmgr" 
     host="" 
     notify="4" 
     favorite="no" 
     theme="/manimg/orion/"  
     css="main.css" 
     logo="aid" 
     logolink="" 
     favicon="favicon-ispmgr.ico" 
     localdir="default/"
> 
    
    <metadata name="ra_details_func" type="list" key="id" keyname="path" selficon="revisiumantivirus">
        <jscript>
        </jscript> 
        <toolbar view="buttontext">
            <toolgrp name="ra_domain_tb"> 
                <toolbtn name="back"        type="back"     img="t-back" sprite="yes"/> 
                <toolbtn name="show_file"   type="editlist" img="t-edit" sprite="yes" func="revisium_antivirus_show_file_func" default="yes"> 
                    <hide name="hiddendeleted" value="1"/>
                </toolbtn>
            </toolgrp> 
        </toolbar>         
        <coldata> 
            <col type="data" name="path" sort="alpha" convert="punycode" /> 
            <col type="data" name="status" /> 
            <col type="data" name="signature_id" /> 
        </coldata> 
    </metadata> 
    <messages name="ra_details_func">
        <msg name="title">@@NAME@@ - @@ra.cure_report.title@@</msg>

        <msg name="short_view"      added="common"  >@@ra.cure_report.short_view@@</msg>
        <msg name="short_cure"      added="common"  >@@ra.cure_report.short_cure@@</msg>
        <msg name="short_back"      added="common"  >@@ra.report.short_back@@</msg>
        <msg name="short_show_file" added="common"  >@@ra.report.short_show_file@@</msg>
        <msg name="hint_back"       added="common"  >@@ra.report.hint_back@@</msg>
        <msg name="hint_show_file"  added="common"  >@@ra.report.hint_show_file@@</msg>

        <msg name="path"            added="common">@@ra.cure_report.col.path@@</msg>
        <msg name="status"          added="common">@@ra.cure_report.col.status@@</msg>
        <msg name="signature_id"    added="common">@@ra.cure_report.col.signature_id@@</msg>
        <msg name="hint_reloadlist"></msg>
    </messages>
    @@TABLE@@
</doc>
