<?xml version="1.0" encoding="UTF-8"?> 
<doc lang="ru" 
     func="revisium_antivirus_func" 
     binary="/ispmgr" 
     host="" 
     features="6b49a92f5cc5153c76b78446d0d74eb41" 
     notify="4" 
     favorite="no" 
     theme="/manimg/orion/"  
     css="main.css" 
     logo="logo-ispmgr.png" 
     logolink="" 
     favicon="favicon-ispmgr.ico" 
     localdir="default/"
> 

@@BANNER@@

    <metadata name="ra_main_func" selficon="revisiumantivirus" type="list" key="name" @@REFRESH@@>
        <jscript>
        </jscript> 
        ##blocks/toolbar##
        <coldata> 
            ##blocks/domain_cols##
        </coldata> 
    </metadata> 
    <messages name="ra_main_func">
        ##blocks/domain_messages##
    </messages>
    <tparams>
        <func>revisium_antivirus_func</func>
    </tparams>
    @@TABLE@@
</doc>