<?xml version="1.0" encoding="UTF-8"?> 
<doc lang="ru" 
     func="revisium_antivirus_settings_func" 
     binary="/ispmgr" 
     host="" 
     features="6b49a92f5cc5153c76b78446d0d74eb41" 
     notify="4" 
     favorite="no" 
     theme="/manimg/orion/"  
     css="main.css" 
     logo="logo-ispmgr.png" 
     logolink="" 
     favicon="favicon-ispmgr.ico" 
     localdir="default/"
> 

@@BANNER@@

    <metadata name="ra_settings" type="form">
        <form progress="yes">
            <field name="license">
                <input name="license" type="hidden">
                    <if empty="yes" hide="trim_file" />
                    <if empty="yes" hide="keep_backup" />
                </input>
            </field>      
            <field name="quick_scan">
                <input type="checkbox" name="quick_scan">
                    <if value="on" hide="skip_media" />
                </input>      
            </field>
            <field name="skip_media">
                <input type="checkbox" name="skip_media" />
            </field>
            <field name="optimize_by_speed">
                <input type="checkbox" name="optimize_by_speed" />
            </field>
            <field name="show_infected_banner">
                <input type="checkbox" name="show_infected_banner" />
            </field>
            <field name="num_of_threads">
                <select name="num_of_threads" />
            </field>
            <field name="period">
                <select name="period">
                    <if value="-1" hide="start_at" />
                    <if value="-1" hide="email_notif" />
                    <if value="-1" hide="email" />
                    <if value="-1" hide="show_none_email_banner" />
                    <if value="-1" hide="use_smtp" />
                    <if value="-1" hide="smtp_server" />
                    <if value="-1" hide="smtp_user" />
                    <if value="-1" hide="smtp_password" />
                    <if value="-1" hide="smtp_port" />
                    <if value="-1" hide="smtp_use_ssl" />
                </select>
            </field>
            <field name="start_at">
                <select name="start_at" />
            </field>
            <field name="max_memory">
                <select name="max_memory" />
            </field>
            <field name="log_level">
                <select name="log_level" />
            </field>
            <field name="working_timeout">
                <select name="working_timeout" />
            </field>
            <field name="keep_backup">
                <select name="keep_backup" />
            </field>
            <field name="trim_file">
                <input type="checkbox" name="trim_file" />
            </field>
            <field name="check_blacklisted">
                <input type="checkbox" name="check_blacklisted" />
            </field>
            <field name="auto_update_tools">
                <input type="checkbox" name="auto_update_tools">
                </input>      
            </field>
            <field name="email_notif">
                <input type="checkbox" name="email_notif">
                    <if value="off" hide="use_smtp" />
                    <if value="off" hide="smtp_server" />
                    <if value="off" hide="smtp_user" />
                    <if value="off" hide="smtp_password" />
                    <if value="off" hide="smtp_port" />
                    <if value="off" hide="smtp_use_ssl" />
                    <if value="off" hide="email" />
                    <if value="on"  hide="show_none_email_banner" />
                </input>
            </field>
            <field name="email">
                <input type="text" name="email" check="email" />
            </field>
            <field name="use_smtp">
                <input type="checkbox" name="use_smtp">
                    <if value="off" hide="smtp_server" />
                    <if value="off" hide="smtp_user" />
                    <if value="off" hide="smtp_password" />
                    <if value="off" hide="smtp_port" />
                    <if value="off" hide="smtp_use_ssl" />
                    <if value="off" hide="show_none_email_banner" />
                </input>
            </field>
            <field name="show_none_email_banner">
                <input type="checkbox" name="show_none_email_banner" />
            </field>
            <field name="smtp_server">
                <input type="text" name="smtp_server" />
            </field>
            <field name="smtp_user">
                <input type="text" name="smtp_user" check="email" />
            </field>
            <field name="smtp_password">
                <input type="password" name="smtp_password" />
            </field>
            <field name="smtp_port">
                <input type="text" name="smtp_port" />
            </field>
            <field name="smtp_use_ssl">
                <input type="checkbox" name="smtp_use_ssl" />
            </field>
            <buttons>
                <button name="save" type="ok"/>
                <button name="cancel" type="cancel"/>
            </buttons>
        </form>
    </metadata>

    <messages name="ra_settings">
        <msg name="quick_scan"              added="common">@@ra.settings.quick_scan@@</msg>
        <msg name="skip_media"              added="common">@@ra.settings.skip_media@@</msg>
        <msg name="optimize_by_speed"       added="common">@@ra.settings.optimize_by_speed@@</msg>
        <msg name="show_infected_banner"    added="common">@@ra.settings.show_infected_banner@@</msg>
        <msg name="show_none_email_banner"  added="common">@@ra.settings.show_none_email_banner@@</msg>
        <msg name="num_of_threads"          added="common">@@ra.settings.num_of_threads@@</msg>
        <msg name="period"                  added="common">@@ra.settings.period@@</msg>
        <msg name="start_at"                added="common">@@ra.settings.start_at@@</msg>
        <msg name="max_memory"              added="common">@@ra.settings.max_memory@@</msg>
        <msg name="log_level"               added="common">@@ra.settings.log_level@@</msg>
        <msg name="working_timeout"         added="common">@@ra.settings.working_timeout@@</msg>
        <msg name="keep_backup"             added="common">@@ra.settings.keep_backup@@</msg>
        <msg name="trim_file"               added="common">@@ra.settings.trim_file@@</msg>
        <msg name="check_blacklisted"       added="common">@@ra.settings.check_blacklisted@@</msg>
        <msg name="auto_update_tools"       added="common">@@ra.settings.auto_update_tools@@</msg>
        <msg name="email_notif"             added="common">@@ra.settings.email_notif@@</msg>
        <msg name="email"                   added="common">@@ra.settings.email@@</msg>
        <msg name="use_smtp"                added="common">@@ra.settings.use_smtp@@</msg>
        <msg name="smtp_server"             added="common">@@ra.settings.smtp_server@@</msg>
        <msg name="smtp_user"               added="common">@@ra.settings.smtp_user@@</msg>
        <msg name="smtp_password"           added="common">@@ra.settings.smtp_password@@</msg>
        <msg name="smtp_port"               added="common">@@ra.settings.smtp_port@@</msg>
        <msg name="smtp_use_ssl"            added="common">@@ra.settings.smtp_use_ssl@@</msg>
        
        <msg name="hint_reloadlist"></msg>
        <msg name="msg_cancel"                  >@@ra.settings.msg_cancel@@</msg>
        <msg name="msg_save"                    >@@ra.settings.msg_save@@</msg>
        <msg name="title"                       >@@ra.settings.title@@</msg>
        <msg name="hint_quick_scan"             >@@ra.settings.hint_quick_scan@@</msg>
        <msg name="hint_skip_media"             >@@ra.settings.hint_skip_media@@</msg>
        <msg name="hint_optimize_by_speed"      >@@ra.settings.hint_optimize_by_speed@@</msg>
        <msg name="hint_show_infected_banner"   >@@ra.settings.hint_show_infected_banner@@</msg>
        <msg name="hint_show_none_email_banner" >@@ra.settings.hint_show_none_email_banner@@</msg>
        <msg name="hint_num_of_threads"         >@@ra.settings.hint_num_of_threads@@</msg>
        <msg name="hint_period"                 >@@ra.settings.hint_period@@</msg>
        <msg name="hint_start_at"               >@@ra.settings.hint_start_at@@</msg>
        <msg name="hint_max_memory"             >@@ra.settings.hint_max_memory@@</msg>
        <msg name="hint_log_level"              >@@ra.settings.hint_log_level@@</msg>
        <msg name="hint_working_timeout"        >@@ra.settings.hint_working_timeout@@</msg>
        <msg name="hint_keep_backup"            >@@ra.settings.hint_keep_backup@@</msg>
        <msg name="hint_trim_file"              >@@ra.settings.hint_trim_file@@</msg>
        <msg name="hint_check_blacklisted"      >@@ra.settings.hint_check_blacklisted@@</msg>
        <msg name="hint_auto_update_tools"      >@@ra.settings.hint_auto_update_tools@@</msg>
        <msg name="hint_email_notif"            >@@ra.settings.hint_email_notif@@</msg>
        <msg name="hint_email"                  >@@ra.settings.hint_email@@</msg>
        <msg name="hint_use_smtp"               >@@ra.settings.hint_use_smtp@@</msg>
        <msg name="hint_smtp_server"            >@@ra.settings.hint_smtp_server@@</msg>
        <msg name="hint_smtp_user"              >@@ra.settings.hint_smtp_user@@</msg>
        <msg name="hint_smtp_password"          >@@ra.settings.hint_smtp_password@@</msg>
        <msg name="hint_smtp_port"              >@@ra.settings.hint_smtp_port@@</msg>
        <msg name="hint_smtp_use_ssl"           >@@ra.settings.hint_smtp_use_ssl@@</msg>
    </messages>
 
    <slist name="num_of_threads">
        <val key="1">1</val>
        <val key="2">2</val>
        <val key="4">4</val>
    </slist>

    @@PERIOD_LIST_VIEW@@

    <slist name="start_at">
        <val key="0">0:00</val>
        <val key="1">1:00</val>
        <val key="2">2:00</val>
        <val key="3">3:00</val>
        <val key="4">4:00</val>
        <val key="5">5:00</val>
        <val key="6">6:00</val>
        <val key="7">7:00</val>
        <val key="8">8:00</val>
        <val key="9">9:00</val>
        <val key="10">10:00</val>
        <val key="11">11:00</val>
        <val key="12">12:00</val>
        <val key="13">13:00</val>
        <val key="14">14:00</val>
        <val key="15">15:00</val>
        <val key="16">16:00</val>
        <val key="17">17:00</val>
        <val key="18">18:00</val>
        <val key="19">19:00</val>
        <val key="20">20:00</val>
        <val key="21">21:00</val>
        <val key="22">22:00</val>
        <val key="23">23:00</val>
    </slist>

    <slist name="max_memory">
        <val key="256">256@@ra.mb@@</val>
        <val key="384">384@@ra.mb@@</val>
        <val key="512">512@@ra.mb@@</val>
        <val key="1024">1024@@ra.mb@@</val>
    </slist>
    
    <slist name="log_level">
        <val key="2">@@ra.log_level_normal@@</val>
        <val key="3">@@ra.log_level_debug@@</val>
    </slist>

    <slist name="working_timeout">
        <val key="1">1 @@ra.hour,hour:1@@</val>
        <val key="3">3 @@ra.hour,hour:3@@</val>
        <val key="12">12 @@ra.hour,hour:12@@</val>
        <val key="24">24 @@ra.hour,hour:24@@</val>
        <val key="72">@@ra.working_timeout.without_limit@@</val>
    </slist>

    <slist name="keep_backup">
        <val key="7">7</val>
        <val key="14">14</val>
        <val key="30">30</val>
    </slist>

@@CONFIG@@

    <jscript>
    </jscript> 

</doc>