<?xml version="1.0" encoding="UTF-8"?>
<mgrdata> 
    <mainmenu level="admin+">    
        <node name="tool">         
            <node name="revisium_antivirus_func" />    
        </node> 
    </mainmenu> 

    <handler name="ra_php_wrapper.php" type="xml"> 
        <func name="revisium_antivirus_func" /> 
        <func name="revisium_antivirus_scan_all_func" /> 
        <func name="revisium_antivirus_cancel_all_func" /> 
        <func name="revisium_antivirus_settings_func" /> 
        <func name="revisium_antivirus_details_func" /> 
        <func name="revisium_antivirus_scan_func" /> 
        <func name="revisium_antivirus_cleanup_func" /> 
        <func name="revisium_antivirus_undo_func" /> 
        <func name="revisium_antivirus_show_file_func" /> 
        <func name="revisium_antivirus_about_func" /> 
        <func name="revisium_antivirus_by_user_func" /> 
        <func name="revisium_antivirus_by_domain_func" /> 
    </handler> 

    <lang name="ru"> 
        <messages name="desktop"> 
            <msg name="menu_revisium_antivirus_func">Revisium Antivirus</msg>
        </messages>
    </lang> 
    <lang name="en"> 
        <messages name="desktop"> 
            <msg name="menu_revisium_antivirus_func">Revisium Antivirus</msg>
        </messages>
    </lang> 
</mgrdata>