<?xml version="1.0" encoding="UTF-8"?> 
<doc lang="ru" 
     func="revisium_antivirus_func" 
     binary="/ispmgr" 
     host="" 
     features="6b49a92f5cc5153c76b78446d0d74eb41" 
     notify="4" 
     favorite="no" 
     theme="/manimg/orion/"  
     css="main.css" 
     logo="logo-ispmgr.png" 
     logolink="" 
     favicon="favicon-ispmgr.ico" 
     localdir="default/"
> 
  <metadata type="form" name="about" selficon="mb-revisiumantivirus">
        <toolbar view="buttontext">
            <toolgrp name="ra_domain_tb"> 
                <toolbtn name="back" type="back" img="t-back" sprite="yes"/> 
            </toolgrp> 
            @@LICENSE_BUTTON@@
        </toolbar>         
      <form> 
      <page name="page_info">
        <field name="abouttext_f" noname="yes">
          <img name="image_field" width="48" height="48"  img="t-revisiumantivirus" />
          <textdata type="msg" name="abouttext" />
        </field>
      </page> 
      </form> 
  </metadata>

    <messages name="ra_about_func">
        <msg name="hint_reloadlist"></msg>
        <msg name="title">Revisium Antivirus @@LICENSE@@ v@@VERSION@@</msg>
        <msg name="short_buy"           added="common">@@ra.domains.toolbar.buy@@</msg>
        <msg name="short_back"      added="common">@@ra.report.short_back@@</msg>
        <msg name="abouttext" added="common">@@DESCRIPTION@@</msg>
    </messages>
</doc>