<?xml version="1.0" encoding="UTF-8"?> 
<doc lang="ru" 
     func="revisium_antivirus_func" 
     binary="/ispmgr" 
     host="" 
     features="6b49a92f5cc5153c76b78446d0d74eb41" 
     notify="4" 
     favorite="no" 
     theme="/manimg/orion/"  
     css="main.css" 
     logo="logo-ispmgr.png" 
     logolink="" 
     favicon="favicon-ispmgr.ico" 
     localdir="default/"
> 

@@BANNER@@

    <metadata name="ra_main_func" selficon="revisiumantivirus" type="list" key="name" @@REFRESH@@>
        <jscript>
        </jscript> 
        <toolbar view="buttontext">
            <toolgrp name="ra_domains_tb"> 
                <toolbtn name="scan_all"    func="revisium_antivirus_scan_all_func"     type="new"      sametab="yes" img="t-start"     sprite="yes"/> 
                <toolbtn name="cancel_all"  func="revisium_antivirus_cancel_all_func"   type="new"      sametab="yes" img="t-stop"      sprite="yes"/> 
                <toolbtn name="scan"        func="revisium_antivirus_scan_func"         type="editlist" sametab="yes" img="t-search"    sprite="yes">
                    <hide name="hiddenstate"  value="in_work" />
                    <hide name="hiddenstate"  value="queue" />
                </toolbtn>
                <toolbtn name="cleanup"     func="revisium_antivirus_cleanup_func"      type="editlist" sametab="yes" img="t-aid"       sprite="yes">
                    <hide name="hiddenstate"        value="in_work" />
                    <hide name="hiddenstate"        value="queue" />
                    <hide name="hiddenstate"        value="none" />
                    <hide name="threats"            value="-" />
                    <hide name="hidden_can_cure"    value="0" />
                </toolbtn>
                <toolbtn name="undo"        func="revisium_antivirus_undo_func"         type="editlist" sametab="yes" img="t-undo"      sprite="yes">
                    <hide name="hiddenstate"        value="in_work" />
                    <hide name="hiddenstate"        value="queue" />
                    <hide name="hiddenstate"        value="none" />
                    <hide name="hidden_can_undo"    value="0" />
                </toolbtn>
                <toolbtn name="details"     func="revisium_antivirus_details_func"      type="editlist" img="t-editlist" default="yes">
                    <hide name="hiddenstate"        value="in_work" />
                    <hide name="hiddenstate"        value="queue" />
                    <hide name="hiddenstate"        value="none" />
                    <hide name="hidden_have_report" value="0" />
                </toolbtn>
                <toolbtn name="settings" func="revisium_antivirus_settings_func" type="new" img="t-attr" sprite="yes" />
                @@LICENSE_BUTTON@@
                <toolbtn name="about" func="revisium_antivirus_about_func" type="new" img="t-revisiumantivirus-s" />
            </toolgrp> 
        </toolbar> 
        <coldata> 
            <col type="data" name="name"  sort="alpha"  @@SORT_NAME@@         convert="punycode">
               <prop name="state_clean" img="p-ra-empty" />
               <prop name="state_infected" img="p-lt4" />
               <prop name="state_warn" img="p-info" />
               <prop name="state_progress" img="p-install" animated="true" />
               <prop name="state_none" img="p-ra-empty" />
            </col> 
            <col type="data" name="value"                                                               /> 
            <col type="data" name="owner"       sort="alpha"  @@SORT_OWNER@@                            /> 
            <col type="data" name="status"      sort="alpha"  @@SORT_STATUS@@                           /> 
            <col type="data" name="threats"                                                             /> 
            <col type="data" name="blacklisted" sort="prop"  @@SORT_BLACKLISTED@@                      >
                <prop name="gsb" img="p-ra-gsb" />
                <prop name="ysb" img="p-ra-ysb" />
                <prop name="vt" img="p-ra-vt" />
                <prop name="phish" img="p-ra-phish" />
                <prop name="rkn" img="p-ra-rkn" />
            </col>  
            <col type="data" name="action"                                                              /> 
        </coldata> 
    </metadata> 
    <messages name="ra_main_func">
        <msg name="title">Revisium Antivirus @@LICENSE@@ v@@VERSION@@ @@PROGRESS@@</msg>
        <msg name="short_scan_all"      added="common">@@ra.domains.toolbar.scan_all@@</msg>
        <msg name="short_cancel_all"    added="common">@@ra.domains.toolbar.cancel_all@@</msg>
        <msg name="short_scan"          added="common">@@ra.domains.toolbar.scan_site@@</msg>
        <msg name="short_cleanup"       added="common">@@ra.domains.toolbar.cure_site@@</msg>
        <msg name="short_undo"          added="common">@@ra.domains.toolbar.undo_site@@</msg>
        <msg name="short_details"       added="common">@@ra.domains.toolbar.report@@</msg>
        <msg name="short_settings"      added="common">@@ra.domains.toolbar.settings@@</msg>
        <msg name="short_buy"           added="common">@@ra.domains.toolbar.buy@@</msg>
        <msg name="short_about"         added="common">@@ra.domains.toolbar.about@@</msg>
        <msg name="name"                added="common">@@ra.domains.col.site@@</msg>
        <msg name="value"               added="common">@@ra.domains.col.value@@</msg>
        <msg name="owner"               added="common">@@ra.domains.col.owner@@</msg>
        <msg name="action"              added="common">@@ra.domains.col.action@@</msg>
        <msg name="status"              added="common">@@ra.domains.col.status@@</msg>
        <msg name="threats"             added="common">@@ra.domains.col.threats@@</msg>
        <msg name="blacklisted"         added="common">@@ra.domains.col.blacklisted@@</msg>
        <msg name="hint_reloadlist"></msg>
    </messages>
    <tparams>
        <func>revisium_antivirus_func</func>
    </tparams>
    @@TABLE@@
</doc>