<?xml version="1.0" encoding="UTF-8"?> 
<doc lang="ru" 
     func="revisium_antivirus_details_func" 
     binary="/ispmgr" 
     host="" 
     notify="4" 
     favorite="no" 
     theme="/manimg/orion/"  
     css="main.css" 
     logo="aid" 
     logolink="" 
     favicon="favicon-ispmgr.ico" 
     localdir="default/"
> 
    
    <metadata name="ra_details_func" type="list" key="id" keyname="path" selficon="revisiumantivirus" >
        <jscript>
        </jscript> 
        <toolbar view="buttontext">
            <toolgrp name="ra_domain_tb"> 
                <toolbtn name="back"        type="back"     img="t-back" sprite="yes"/> 
                <toolbtn name="show_file"   type="editlist" img="t-edit" sprite="yes" func="revisium_antivirus_show_file_func" default="yes"/> 
            </toolgrp> 
        </toolbar>         
        <coldata> 
            <col type="data" name="type">
               <prop name="type_bl" img="p-info" />
               <prop name="type_srv" img="p-bill-databaselimit" />
               <prop name="type_cli" img="p-bill-domainlimit" />
            </col> 
            <col type="data" name="path" convert="punycode" /> 
            <col type="data" name="snippet"/> 
            <col type="data" name="size" /> 
            <col type="data" name="time" /> 
        </coldata> 
    </metadata> 
    <messages name="ra_details_func">
        <msg name="title"       >@@DOMAIN@@ - @@ra.scan_report.title@@</msg>
        
        <msg name="short_view"      added="common">@@ra.scan_report.short_view@@</msg>
        <msg name="short_cure"      added="common">@@ra.scan_report.short_cure@@</msg>
        <msg name="short_back"      added="common">@@ra.report.short_back@@</msg>
        <msg name="short_show_file" added="common">@@ra.report.short_show_file@@</msg>
        
        <msg name="type"    added="common">@@ra.scan_report.col.type@@</msg>
        <msg name="path"    added="common">@@ra.scan_report.col.path@@</msg>
        <msg name="snippet" added="common">@@ra.scan_report.col.snippet@@</msg>
        <msg name="size"    added="common">@@ra.scan_report.col.size@@</msg>
        <msg name="time"    added="common">@@ra.scan_report.col.time@@</msg>
        <msg name="hint_reloadlist"></msg>
    </messages>
    @@TABLE@@
</doc>