
##blocks/toolbar_hint##
<msg name="name"                added="common"  >@@ra.domains.col.site@@</msg>
<msg name="client"              added="common"  >@@ra.domains.col.client@@</msg>
<msg name="path"                added="common"  >@@ra.domains.col.path@@</msg>
<msg name="action"              added="common"  >@@ra.domains.col.action@@</msg>
<msg name="status"              added="common"  >@@ra.domains.col.status@@</msg>
<msg name="threats"             added="common"  >@@ra.domains.col.threats@@</msg>
<msg name="hint_reloadlist"                     ></msg>
