            
<col type="data" name="client"  sort="alpha" @@SORT_CLIENT@@>
    <prop name="state_clean"     img="p-ra-empty"                   />
    <prop name="state_infected"  img="p-lt4"                        />
    <prop name="state_warn"      img="p-info"                       />
    <prop name="state_progress"  img="p-install"    animated="true" />
    <prop name="state_none"      img="p-ra-empty"                   />
</col> 
<col type="data" name="path"                                        /> 
<col type="data" name="status"      sort="alpha" @@SORT_STATUS@@    /> 
<col type="data" name="threats"                                     /> 
<col type="data" name="action"/> 
