
##blocks/toolbar_hint##
<msg name="name"                added="common"  >@@ra.domains.col.site@@</msg>
<msg name="value"               added="common"  >@@ra.domains.col.value@@</msg>
<msg name="owner"               added="common"  >@@ra.domains.col.owner@@</msg>
<msg name="action"              added="common"  >@@ra.domains.col.action@@</msg>
<msg name="status"              added="common"  >@@ra.domains.col.status@@</msg>
<msg name="threats"             added="common"  >@@ra.domains.col.threats@@</msg>
<msg name="blacklisted"         added="common"  >@@ra.domains.col.blacklisted@@</msg>
<msg name="hint_reloadlist"                     ></msg>
