            <col type="data" name="name"  sort="alpha"  @@SORT_NAME@@ >
               <prop name="state_clean" img="p-ra-empty" />
               <prop name="state_infected" img="p-lt4" />
               <prop name="state_warn" img="p-info" />
               <prop name="state_progress" img="p-install" animated="true" />
               <prop name="state_none" img="p-ra-empty" />
            </col> 
            <col type="data" name="value"                                                               /> 
            <col type="data" name="owner"       sort="alpha"  @@SORT_OWNER@@                            /> 
            <col type="data" name="status"      sort="alpha"  @@SORT_STATUS@@                           /> 
            <col type="data" name="threats"                                                             /> 
            <col type="data" name="blacklisted" sort="prop"  @@SORT_BLACKLISTED@@                      >
                <prop name="gsb" img="p-ra-gsb" />
                <prop name="ysb" img="p-ra-ysb" />
                <prop name="vt" img="p-ra-vt" />
                <prop name="phish" img="p-ra-phish" />
                <prop name="rkn" img="p-ra-rkn" />
            </col>  
            <col type="data" name="action"                                                              /> 
