            <col type="data" name="name"  sort="alpha"  @@SORT_NAME@@ >
               <prop name="state_clean" img="p-ra-empty" />
               <prop name="state_infected" img="p-lt4" />
               <prop name="state_warn" img="p-info" />
               <prop name="state_progress" img="p-install" animated="true" />
               <prop name="state_none" img="p-ra-empty" />
            </col> 
            <col type="data" name="value"                                                               /> 
            <col type="data" name="owner"       sort="alpha"  @@SORT_OWNER@@                            /> 
            <col type="data" name="state"       sort="alpha"  @@SORT_STATE@@                            /> 
            <col type="data" name="threats"                                                             /> 
            @@BLACKLISTED@@
            <col type="data" name="action"                                                              /> 
