
<msg name="title"                               >Revisium Antivirus @@LICENSE@@ v@@VERSION@@ @@PROGRESS@@</msg>
<msg name="short_scan_all"      added="common"  >@@ra.domains.toolbar.scan_all@@</msg>
<msg name="short_cancel_all"    added="common"  >@@ra.domains.toolbar.cancel_all@@</msg>
<msg name="short_scan"          added="common"  >@@ra.domains.toolbar.scan_site@@</msg>
<msg name="short_cleanup"       added="common"  >@@ra.domains.toolbar.cure_site@@</msg>
<msg name="short_undo"          added="common"  >@@ra.domains.toolbar.undo_site@@</msg>
<msg name="short_details"       added="common"  >@@ra.domains.toolbar.report@@</msg>
<msg name="short_settings"      added="common"  >@@ra.domains.toolbar.settings@@</msg>
<msg name="short_buy"           added="common"  >@@ra.domains.toolbar.buy@@</msg>
<msg name="short_about"         added="common"  >@@ra.domains.toolbar.about@@</msg>
<msg name="short_by_user"       added="common"  >@@ra.domains.toolbar.by_user@@</msg>
<msg name="short_by_domain"     added="common"  >@@ra.domains.toolbar.by_domain@@</msg>

<msg name="hint_scan_all"      >@@ra.domains.toolbar.hint.scan_all@@</msg>
<msg name="hint_cancel_all"    >@@ra.domains.toolbar.hint.cancel_all@@</msg>
<msg name="hint_scan"          >@@ra.domains.toolbar.hint.scan_site@@</msg>
<msg name="hint_cleanup"       >@@ra.domains.toolbar.hint.cure_site@@</msg>
<msg name="hint_undo"          >@@ra.domains.toolbar.hint.undo_site@@</msg>
<msg name="hint_details"       >@@ra.domains.toolbar.hint.report@@</msg>
<msg name="hint_settings"      >@@ra.domains.toolbar.hint.settings@@</msg>
<msg name="hint_buy"           >@@ra.domains.toolbar.hint.buy@@</msg>
<msg name="hint_about"         >@@ra.domains.toolbar.hint.about@@</msg>
<msg name="hint_by_user"       >@@ra.domains.toolbar.hint.by_user@@</msg>
<msg name="hint_by_domain"     >@@ra.domains.toolbar.hint.by_domain@@</msg>
