        <toolbar view="buttontext">
            <toolgrp name="ra_domains_scan_tb"> 
                <toolbtn name="scan_all"    func="revisium_antivirus_scan_all_func"     type="new"      sametab="yes" img="t-start"     sprite="yes"/> 
                <toolbtn name="cancel_all"  func="revisium_antivirus_cancel_all_func"   type="new"      sametab="yes" img="t-stop"      sprite="yes"/> 
                <toolbtn name="scan"        func="revisium_antivirus_scan_func"         type="editlist" sametab="yes" img="t-search"    sprite="yes">
                    <hide name="hiddenstate"  value="in_work" />
                    <hide name="hiddenstate"  value="queue" />
                </toolbtn>
            </toolgrp> 
            <toolgrp name="ra_domains_cure_tb"> 
                <toolbtn name="cleanup"     func="revisium_antivirus_cleanup_func"      type="editlist" sametab="yes" img="t-aid"       sprite="yes">
                    <hide name="hiddenstate"        value="in_work" />
                    <hide name="hiddenstate"        value="queue" />
                    <hide name="hiddenstate"        value="none" />
                    <hide name="threats"            value="-" />
                    <hide name="hidden_can_cure"    value="0" />
                </toolbtn>
                <toolbtn name="undo"        func="revisium_antivirus_undo_func"         type="editlist" sametab="yes" img="t-undo"      sprite="yes">
                    <hide name="hiddenstate"        value="in_work" />
                    <hide name="hiddenstate"        value="queue" />
                    <hide name="hiddenstate"        value="none" />
                    <hide name="hidden_can_undo"    value="0" />
                </toolbtn>
            </toolgrp> 
            <toolgrp name="ra_domains_details_tb"> 
                <toolbtn name="details"     func="revisium_antivirus_details_func"      type="editlist" img="t-editlist" default="yes">
                    <hide name="hiddenstate"        value="in_work" />
                    <hide name="hiddenstate"        value="queue" />
                    <hide name="hiddenstate"        value="none" />
                    <hide name="hidden_have_report" value="0" />
                </toolbtn>
            </toolgrp> 
            <toolgrp name="ra_domains_settings_tb">     
                <toolbtn name="settings" func="revisium_antivirus_settings_func" type="new" img="t-attr" sprite="yes" />
            </toolgrp> 
                @@LICENSE_BUTTON@@
            <toolgrp name="ra_domains_about_tb">     
                <toolbtn name="about" func="revisium_antivirus_about_func" type="new" img="t-revisiumantivirus-s" />
            </toolgrp> 
            <toolgrp name="ra_domains_mode_tb"> 
                @@SELECT_MODE_BUTTON@@
            </toolgrp> 
        </toolbar> 